,error,lead_id
0,CANNOT_UPDATE_CONVERTED_LEAD,00Q2000000qLxilEAC
1,CANNOT_UPDATE_CONVERTED_LEAD,00Q2000000qM1JmEAK
2,CANNOT_UPDATE_CONVERTED_LEAD,00Q2000000qM20bEAC
3,CANNOT_UPDATE_CONVERTED_LEAD,00Q2000000qfr8ZEAQ
4,CANNOT_UPDATE_CONVERTED_LEAD,00Q2000000qfsfYEAQ
5,CANNOT_UPDATE_CONVERTED_LEAD,00Q2000000qfsq7EAA
6,CANNOT_UPDATE_CONVERTED_LEAD,00Q2000000qfstuEAA
7,CANNOT_UPDATE_CONVERTED_LEAD,00Q2000000qfszOEAQ
8,CANNOT_UPDATE_CONVERTED_LEAD,00Q2000000qfujOEAQ
9,CANNOT_UPDATE_CONVERTED_LEAD,00Q2000000qfv1NEAQ
10,CANNOT_UPDATE_CONVERTED_LEAD,00Q2000000qfvKUEAY
11,CANNOT_UPDATE_CONVERTED_LEAD,00Q2000000qfvP0EAI
12,CANNOT_UPDATE_CONVERTED_LEAD,00Q2000000qfseVEAQ
13,CANNOT_UPDATE_CONVERTED_LEAD,00Q2000000qfseWEAQ
14,CANNOT_UPDATE_CONVERTED_LEAD,00Q2000000o9IqfEAE
15,CANNOT_UPDATE_CONVERTED_LEAD,00Q2000000o9IrBEAU
16,CANNOT_UPDATE_CONVERTED_LEAD,00Q2000000o9IqaEAE
17,CANNOT_UPDATE_CONVERTED_LEAD,00Q2000000qLQHOEA4
18,CANNOT_UPDATE_CONVERTED_LEAD,00Q2000000qLQHSEA4
19,CANNOT_UPDATE_CONVERTED_LEAD,00Q2000000qLQHVEA4
20,CANNOT_UPDATE_CONVERTED_LEAD,00Q2000000qLI1FEAW
21,CANNOT_UPDATE_CONVERTED_LEAD,00Q2000000qLI1NEAW
22,CANNOT_UPDATE_CONVERTED_LEAD,00Q2000000qLQHoEAO
23,CANNOT_UPDATE_CONVERTED_LEAD,00Q2000000qLaPKEA0
24,CANNOT_UPDATE_CONVERTED_LEAD,00Q2000000qLaSYEA0
25,CANNOT_UPDATE_CONVERTED_LEAD,00Q2000000qLaZnEAK
26,CANNOT_UPDATE_CONVERTED_LEAD,00Q2000000qLI1lEAG
27,CANNOT_UPDATE_CONVERTED_LEAD,00Q2000000qLI1mEAG
28,CANNOT_UPDATE_CONVERTED_LEAD,00Q2000000qLI1oEAG
29,CANNOT_UPDATE_CONVERTED_LEAD,00Q2000000qLI1pEAG
30,CANNOT_UPDATE_CONVERTED_LEAD,00Q2000000qLI1qEAG
31,CANNOT_UPDATE_CONVERTED_LEAD,00Q2000000qLI20EAG
32,CANNOT_UPDATE_CONVERTED_LEAD,00Q2000000qLI23EAG
33,CANNOT_UPDATE_CONVERTED_LEAD,00Q2000000qLI25EAG
34,CANNOT_UPDATE_CONVERTED_LEAD,00Q2000000qLI26EAG
35,CANNOT_UPDATE_CONVERTED_LEAD,00Q2000000qLI27EAG
36,CANNOT_UPDATE_CONVERTED_LEAD,00Q2000000qLI28EAG
37,CANNOT_UPDATE_CONVERTED_LEAD,00Q2000000qLcACEA0
38,CANNOT_UPDATE_CONVERTED_LEAD,00Q2000000qLcZREA0
39,CANNOT_UPDATE_CONVERTED_LEAD,00Q2000000qLczeEAC
40,CANNOT_UPDATE_CONVERTED_LEAD,00Q2000000qLdMxEAK
41,CANNOT_UPDATE_CONVERTED_LEAD,00Q2000000qLdjNEAS
42,CANNOT_UPDATE_CONVERTED_LEAD,00Q2000000qLGmIEAW
43,CANNOT_UPDATE_CONVERTED_LEAD,00Q2000000qLI2JEAW
44,CANNOT_UPDATE_CONVERTED_LEAD,00Q2000000qLI5pEAG
45,CANNOT_UPDATE_CONVERTED_LEAD,00Q2000000qLI5rEAG
46,CANNOT_UPDATE_CONVERTED_LEAD,00Q2000000qLI5tEAG
47,CANNOT_UPDATE_CONVERTED_LEAD,00Q2000000qLI5xEAG
48,CANNOT_UPDATE_CONVERTED_LEAD,00Q2000000qLI9MEAW
49,CANNOT_UPDATE_CONVERTED_LEAD,00Q2000000qLI9NEAW
50,CANNOT_UPDATE_CONVERTED_LEAD,00Q2000000qLI9REAW
51,CANNOT_UPDATE_CONVERTED_LEAD,00Q2000000qLI9SEAW
52,CANNOT_UPDATE_CONVERTED_LEAD,00Q2000000qLI9TEAW
53,CANNOT_UPDATE_CONVERTED_LEAD,00Q2000000qLI9UEAW
54,CANNOT_UPDATE_CONVERTED_LEAD,00Q2000000qLI9VEAW
55,CANNOT_UPDATE_CONVERTED_LEAD,00Q2000000qLQIcEAO
56,CANNOT_UPDATE_CONVERTED_LEAD,00Q2000000qLQIdEAO
57,CANNOT_UPDATE_CONVERTED_LEAD,00Q2000000qLQIeEAO
58,CANNOT_UPDATE_CONVERTED_LEAD,00Q2000000qLGmQEAW
59,CANNOT_UPDATE_CONVERTED_LEAD,00Q2000000qLGo9EAG
60,CANNOT_UPDATE_CONVERTED_LEAD,00Q2000000qLI9XEAW
61,CANNOT_UPDATE_CONVERTED_LEAD,00Q2000000qLJA1EAO
62,CANNOT_UPDATE_CONVERTED_LEAD,00Q2000000qLJU1EAO
63,CANNOT_UPDATE_CONVERTED_LEAD,00Q2000000qLJfTEAW
64,CANNOT_UPDATE_CONVERTED_LEAD,00Q2000000qLJlqEAG
65,CANNOT_UPDATE_CONVERTED_LEAD,00Q2000000qLLOhEAO
66,CANNOT_UPDATE_CONVERTED_LEAD,00Q2000000qLQQuEAO
67,CANNOT_UPDATE_CONVERTED_LEAD,00Q2000000qLQW9EAO
68,CANNOT_UPDATE_CONVERTED_LEAD,00Q2000000qLQaaEAG
69,CANNOT_UPDATE_CONVERTED_LEAD,00Q2000000qLRVfEAO
70,CANNOT_UPDATE_CONVERTED_LEAD,00Q2000000qLRdUEAW
71,CANNOT_UPDATE_CONVERTED_LEAD,00Q2000000qLScREAW
72,CANNOT_UPDATE_CONVERTED_LEAD,00Q2000000qLSg5EAG
73,CANNOT_UPDATE_CONVERTED_LEAD,00Q2000000qLHmFEAW
74,CANNOT_UPDATE_CONVERTED_LEAD,00Q2000000qLLYDEA4
75,CANNOT_UPDATE_CONVERTED_LEAD,00Q2000000qLLp9EAG
76,CANNOT_UPDATE_CONVERTED_LEAD,00Q2000000qLM1ZEAW
77,CANNOT_UPDATE_CONVERTED_LEAD,00Q2000000qLMF7EAO
78,CANNOT_UPDATE_CONVERTED_LEAD,00Q2000000qLMGFEA4
79,CANNOT_UPDATE_CONVERTED_LEAD,00Q2000000qLMJYEA4
80,CANNOT_UPDATE_CONVERTED_LEAD,00Q2000000qLMKWEA4
81,CANNOT_UPDATE_CONVERTED_LEAD,00Q2000000qLTMTEA4
82,CANNOT_UPDATE_CONVERTED_LEAD,00Q2000000qLUOzEAO
83,CANNOT_UPDATE_CONVERTED_LEAD,00Q2000000qLVlLEAW
84,CANNOT_UPDATE_CONVERTED_LEAD,00Q2000000qLWJcEAO
85,CANNOT_UPDATE_CONVERTED_LEAD,00Q2000000qLjIcEAK
86,CANNOT_UPDATE_CONVERTED_LEAD,00Q2000000qLkqeEAC
87,CANNOT_UPDATE_CONVERTED_LEAD,00Q2000000qLlL7EAK
88,CANNOT_UPDATE_CONVERTED_LEAD,00Q2000000qLlLEEA0
89,CANNOT_UPDATE_CONVERTED_LEAD,00Q2000000qLlLFEA0
90,CANNOT_UPDATE_CONVERTED_LEAD,00Q2000000qLlLGEA0
91,CANNOT_UPDATE_CONVERTED_LEAD,00Q2000000qLlLHEA0
92,CANNOT_UPDATE_CONVERTED_LEAD,00Q2000000qLlLKEA0
93,CANNOT_UPDATE_CONVERTED_LEAD,00Q2000000qLHynEAG
94,CANNOT_UPDATE_CONVERTED_LEAD,00Q2000000qLHyoEAG
95,CANNOT_UPDATE_CONVERTED_LEAD,00Q2000000qLHypEAG
96,CANNOT_UPDATE_CONVERTED_LEAD,00Q2000000qLHyqEAG
97,CANNOT_UPDATE_CONVERTED_LEAD,00Q2000000qLHywEAG
98,CANNOT_UPDATE_CONVERTED_LEAD,00Q2000000qLHz7EAG
99,CANNOT_UPDATE_CONVERTED_LEAD,00Q2000000qLHzDEAW
100,CANNOT_UPDATE_CONVERTED_LEAD,00Q2000000qLQ8AEAW
101,CANNOT_UPDATE_CONVERTED_LEAD,00Q2000000qLQ8BEAW
102,CANNOT_UPDATE_CONVERTED_LEAD,00Q2000000qLYMZEA4
103,CANNOT_UPDATE_CONVERTED_LEAD,00Q2000000qLZ5NEAW
104,CANNOT_UPDATE_CONVERTED_LEAD,00Q2000000qLZMTEA4
105,CANNOT_UPDATE_CONVERTED_LEAD,00Q2000000qLHzGEAW
106,CANNOT_UPDATE_CONVERTED_LEAD,00Q2000000qLHzHEAW
107,CANNOT_UPDATE_CONVERTED_LEAD,00Q2000000qLHzUEAW
108,CANNOT_UPDATE_CONVERTED_LEAD,00Q2000000qLHzZEAW
109,CANNOT_UPDATE_CONVERTED_LEAD,00Q2000000qLQ8dEAG
110,CANNOT_UPDATE_CONVERTED_LEAD,00Q2000000qLlLVEA0
111,CANNOT_UPDATE_CONVERTED_LEAD,00Q2000000qLm5LEAS
112,CANNOT_UPDATE_CONVERTED_LEAD,00Q2000000qLmaJEAS
113,CANNOT_UPDATE_CONVERTED_LEAD,00Q2000000qLoQaEAK
114,CANNOT_UPDATE_CONVERTED_LEAD,00Q2000000qLoU3EAK
115,CANNOT_UPDATE_CONVERTED_LEAD,00Q2000000qLogEEAS
116,CANNOT_UPDATE_CONVERTED_LEAD,00Q2000000qLaJGEA0
117,CANNOT_UPDATE_CONVERTED_LEAD,00Q2000000qLaJHEA0
118,CANNOT_UPDATE_CONVERTED_LEAD,00Q2000000qLaJXEA0
119,CANNOT_UPDATE_CONVERTED_LEAD,00Q2000000qLaJaEAK
120,CANNOT_UPDATE_CONVERTED_LEAD,00Q2000000qLohIEAS
121,CANNOT_UPDATE_CONVERTED_LEAD,00Q2000000qLohOEAS
122,CANNOT_UPDATE_CONVERTED_LEAD,00Q2000000qLohPEAS
123,CANNOT_UPDATE_CONVERTED_LEAD,00Q2000000qLHzmEAG
124,CANNOT_UPDATE_CONVERTED_LEAD,00Q2000000qLHznEAG
125,CANNOT_UPDATE_CONVERTED_LEAD,00Q2000000qLHzrEAG
126,CANNOT_UPDATE_CONVERTED_LEAD,00Q2000000qLHzuEAG
127,CANNOT_UPDATE_CONVERTED_LEAD,00Q2000000qLHzwEAG
128,CANNOT_UPDATE_CONVERTED_LEAD,00Q2000000qLHzxEAG
129,CANNOT_UPDATE_CONVERTED_LEAD,00Q2000000qLQGNEA4
130,CANNOT_UPDATE_CONVERTED_LEAD,00Q2000000qLQGPEA4
131,CANNOT_UPDATE_CONVERTED_LEAD,00Q2000000qLaJoEAK
132,CANNOT_UPDATE_CONVERTED_LEAD,00Q2000000qLaJpEAK
133,CANNOT_UPDATE_CONVERTED_LEAD,00Q2000000qLI0KEAW
134,CANNOT_UPDATE_CONVERTED_LEAD,00Q2000000qLI0LEAW
135,CANNOT_UPDATE_CONVERTED_LEAD,00Q2000000qLI0MEAW
136,CANNOT_UPDATE_CONVERTED_LEAD,00Q2000000qLI0OEAW
137,CANNOT_UPDATE_CONVERTED_LEAD,00Q2000000qLI0WEAW
138,CANNOT_UPDATE_CONVERTED_LEAD,00Q2000000qLI0ZEAW
139,CANNOT_UPDATE_CONVERTED_LEAD,00Q2000000qLI0bEAG
140,CANNOT_UPDATE_CONVERTED_LEAD,00Q2000000qLI0dEAG
141,CANNOT_UPDATE_CONVERTED_LEAD,00Q2000000qLQGoEAO
142,CANNOT_UPDATE_CONVERTED_LEAD,00Q2000000qLe1iEAC
143,CANNOT_UPDATE_CONVERTED_LEAD,00Q2000000qLeABEA0
144,CANNOT_UPDATE_CONVERTED_LEAD,00Q2000000qLfsTEAS
145,CANNOT_UPDATE_CONVERTED_LEAD,00Q2000000qLgUZEA0
146,CANNOT_UPDATE_CONVERTED_LEAD,00Q2000000qLi2jEAC
147,CANNOT_UPDATE_CONVERTED_LEAD,00Q2000000qLDSjEAO
148,CANNOT_UPDATE_CONVERTED_LEAD,00Q2000000qLDkOEAW
149,CANNOT_UPDATE_CONVERTED_LEAD,00Q2000000qLDsmEAG
150,CANNOT_UPDATE_CONVERTED_LEAD,00Q2000000qLFHjEAO
151,CANNOT_UPDATE_CONVERTED_LEAD,00Q2000000qLI0pEAG
152,CANNOT_UPDATE_CONVERTED_LEAD,00Q2000000qLI0sEAG
153,CANNOT_UPDATE_CONVERTED_LEAD,00Q2000000qLI0tEAG
154,CANNOT_UPDATE_CONVERTED_LEAD,00Q2000000qLI0uEAG
155,CANNOT_UPDATE_CONVERTED_LEAD,00Q2000000qLI0vEAG
156,CANNOT_UPDATE_CONVERTED_LEAD,00Q2000000qLI0wEAG
157,CANNOT_UPDATE_CONVERTED_LEAD,00Q2000000qLI0yEAG
158,CANNOT_UPDATE_CONVERTED_LEAD,00Q2000000qLI0zEAG
159,CANNOT_UPDATE_CONVERTED_LEAD,00Q2000000qLI17EAG
160,CANNOT_UPDATE_CONVERTED_LEAD,00Q2000000qLI1AEAW
161,CANNOT_UPDATE_CONVERTED_LEAD,00Q2000000qLGlHEAW
162,CANNOT_UPDATE_CONVERTED_LEAD,00Q2000000qLGlIEAW
163,CANNOT_UPDATE_CONVERTED_LEAD,00Q2000000o9IJ7EAM
164,CANNOT_UPDATE_CONVERTED_LEAD,00Q2000000o9IHrEAM
165,CANNOT_UPDATE_CONVERTED_LEAD,00Q2000000o9IHqEAM
166,CANNOT_UPDATE_CONVERTED_LEAD,00Q2000000oxOzZEAU
167,CANNOT_UPDATE_CONVERTED_LEAD,00Q2000000o9IIOEA2
168,CANNOT_UPDATE_CONVERTED_LEAD,00Q2000000owputEAA
169,CANNOT_UPDATE_CONVERTED_LEAD,00Q2000000o9IMqEAM
170,CANNOT_UPDATE_CONVERTED_LEAD,00Q2000000o9J02EAE
171,CANNOT_UPDATE_CONVERTED_LEAD,00Q2000000o9IPMEA2
172,CANNOT_UPDATE_CONVERTED_LEAD,00Q2000000o9IHmEAM
173,CANNOT_UPDATE_CONVERTED_LEAD,00Q2000000oxOyuEAE
174,CANNOT_UPDATE_CONVERTED_LEAD,00Q2000000o9IHlEAM
175,CANNOT_UPDATE_CONVERTED_LEAD,00Q2000000qKSFIEA4
176,CANNOT_UPDATE_CONVERTED_LEAD,00Q2000000o9IGHEA2
177,CANNOT_UPDATE_CONVERTED_LEAD,00Q2000000qKtqJEAS
178,CANNOT_UPDATE_CONVERTED_LEAD,00Q2000000o8zdNEAQ
179,CANNOT_UPDATE_CONVERTED_LEAD,00Q2000000o8jDCEAY
180,CANNOT_UPDATE_CONVERTED_LEAD,00Q2000000owpn1EAA
181,CANNOT_UPDATE_CONVERTED_LEAD,00Q2000000ouXRzEAM
182,CANNOT_UPDATE_CONVERTED_LEAD,00Q2000000o9IGDEA2
183,CANNOT_UPDATE_CONVERTED_LEAD,00Q2000000o9IGCEA2
184,CANNOT_UPDATE_CONVERTED_LEAD,00Q2000000o9IFbEAM
185,CANNOT_UPDATE_CONVERTED_LEAD,00Q2000000o9IFaEAM
186,CANNOT_UPDATE_CONVERTED_LEAD,00Q2000000qKcaFEAS
187,CANNOT_UPDATE_CONVERTED_LEAD,00Q2000000oxaayEAA
188,CANNOT_UPDATE_CONVERTED_LEAD,00Q2000000oxOzKEAU
189,CANNOT_UPDATE_CONVERTED_LEAD,00Q2000000oxOyjEAE
190,CANNOT_UPDATE_CONVERTED_LEAD,00Q2000000ouXSSEA2
191,CANNOT_UPDATE_CONVERTED_LEAD,00Q2000000ouXSREA2
192,CANNOT_UPDATE_CONVERTED_LEAD,00Q2000000o9IFZEA2
193,CANNOT_UPDATE_CONVERTED_LEAD,00Q2000000oxOzHEAU
194,CANNOT_UPDATE_CONVERTED_LEAD,00Q2000000o9IyYEAU
195,CANNOT_UPDATE_CONVERTED_LEAD,00Q2000000o9Iz9EAE
196,CANNOT_UPDATE_CONVERTED_LEAD,00Q2000000o9IKvEAM
197,CANNOT_UPDATE_CONVERTED_LEAD,00Q2000000o9IKuEAM
198,CANNOT_UPDATE_CONVERTED_LEAD,00Q2000000qKtcBEAS
199,CANNOT_UPDATE_CONVERTED_LEAD,00Q2000000qKtcCEAS
200,CANNOT_UPDATE_CONVERTED_LEAD,00Q2000000qKtcDEAS
201,CANNOT_UPDATE_CONVERTED_LEAD,00Q2000000qKtcEEAS
202,CANNOT_UPDATE_CONVERTED_LEAD,00Q2000000qKtbmEAC
203,CANNOT_UPDATE_CONVERTED_LEAD,00Q2000000o9J00EAE
204,CANNOT_UPDATE_CONVERTED_LEAD,00Q2000000oxOyXEAU
205,CANNOT_UPDATE_CONVERTED_LEAD,00Q2000000o9IG0EAM
206,CANNOT_UPDATE_CONVERTED_LEAD,00Q2000000o9IEnEAM
207,CANNOT_UPDATE_CONVERTED_LEAD,00Q2000000oxOyYEAU
208,CANNOT_UPDATE_CONVERTED_LEAD,00Q2000000owpsfEAA
209,CANNOT_UPDATE_CONVERTED_LEAD,00Q2000000qKtbnEAC
210,CANNOT_UPDATE_CONVERTED_LEAD,00Q2000000o9IMkEAM
211,CANNOT_UPDATE_CONVERTED_LEAD,00Q2000000o9IMiEAM
212,CANNOT_UPDATE_CONVERTED_LEAD,00Q2000000o9IEkEAM
213,CANNOT_UPDATE_CONVERTED_LEAD,00Q2000000oxOyTEAU
214,CANNOT_UPDATE_CONVERTED_LEAD,00Q2000000o9IFKEA2
215,CANNOT_UPDATE_CONVERTED_LEAD,00Q2000000o9IEjEAM
216,CANNOT_UPDATE_CONVERTED_LEAD,00Q2000000oxOyUEAU
217,CANNOT_UPDATE_CONVERTED_LEAD,00Q2000000o9IFJEA2
218,CANNOT_UPDATE_CONVERTED_LEAD,00Q2000000oxOyVEAU
219,CANNOT_UPDATE_CONVERTED_LEAD,00Q2000000o9IFIEA2
220,CANNOT_UPDATE_CONVERTED_LEAD,00Q2000000qKSR4EAO
221,CANNOT_UPDATE_CONVERTED_LEAD,00Q2000000ou8BcEAI
222,CANNOT_UPDATE_CONVERTED_LEAD,00Q2000000o9Iz3EAE
223,CANNOT_UPDATE_CONVERTED_LEAD,00Q2000000o9Iz1EAE
224,CANNOT_UPDATE_CONVERTED_LEAD,00Q2000000o9IyPEAU
225,CANNOT_UPDATE_CONVERTED_LEAD,00Q2000000o9IMfEAM
226,CANNOT_UPDATE_CONVERTED_LEAD,00Q2000000o9INCEA2
227,CANNOT_UPDATE_CONVERTED_LEAD,00Q2000000o9IMaEAM
228,CANNOT_UPDATE_CONVERTED_LEAD,00Q2000000oxu5zEAA
229,CANNOT_UPDATE_CONVERTED_LEAD,00Q2000000o9IxlEAE
230,CANNOT_UPDATE_CONVERTED_LEAD,00Q2000000o9IyKEAU
231,CANNOT_UPDATE_CONVERTED_LEAD,00Q2000000owpm3EAA
232,CANNOT_UPDATE_CONVERTED_LEAD,00Q2000000o9IMZEA2
233,CANNOT_UPDATE_CONVERTED_LEAD,00Q2000000o9IMYEA2
234,CANNOT_UPDATE_CONVERTED_LEAD,00Q2000000o9IMXEA2
235,CANNOT_UPDATE_CONVERTED_LEAD,00Q2000000o9IMUEA2
236,CANNOT_UPDATE_CONVERTED_LEAD,00Q2000000o9IN5EAM
237,CANNOT_UPDATE_CONVERTED_LEAD,00Q2000000o9IMTEA2
238,CANNOT_UPDATE_CONVERTED_LEAD,00Q2000000o9IN4EAM
239,CANNOT_UPDATE_CONVERTED_LEAD,00Q2000000o9IyBEAU
240,CANNOT_UPDATE_CONVERTED_LEAD,00Q2000000o9IwyEAE
241,CANNOT_UPDATE_CONVERTED_LEAD,00Q2000000o9IuvEAE
242,CANNOT_UPDATE_CONVERTED_LEAD,00Q2000000o9IutEAE
243,CANNOT_UPDATE_CONVERTED_LEAD,00Q2000000o9IusEAE
244,CANNOT_UPDATE_CONVERTED_LEAD,00Q2000000o9IurEAE
245,CANNOT_UPDATE_CONVERTED_LEAD,00Q2000000o9IupEAE
246,CANNOT_UPDATE_CONVERTED_LEAD,00Q2000000o9IKKEA2
247,CANNOT_UPDATE_CONVERTED_LEAD,00Q2000000o9IKGEA2
248,CANNOT_UPDATE_CONVERTED_LEAD,00Q2000000o9IJbEAM
249,CANNOT_UPDATE_CONVERTED_LEAD,00Q2000000o9IJaEAM
250,CANNOT_UPDATE_CONVERTED_LEAD,00Q2000000o9jmYEAQ
251,CANNOT_UPDATE_CONVERTED_LEAD,00Q2000000o9IzZEAU
252,CANNOT_UPDATE_CONVERTED_LEAD,00Q2000000oukJeEAI
253,CANNOT_UPDATE_CONVERTED_LEAD,00Q2000000o9IzVEAU
254,CANNOT_UPDATE_CONVERTED_LEAD,00Q2000000o9IzREAU
255,CANNOT_UPDATE_CONVERTED_LEAD,00Q2000000o9IuhEAE
256,CANNOT_UPDATE_CONVERTED_LEAD,00Q2000000o9IueEAE
257,CANNOT_UPDATE_CONVERTED_LEAD,00Q2000000o9IubEAE
258,CANNOT_UPDATE_CONVERTED_LEAD,00Q2000000o9ItvEAE
259,CANNOT_UPDATE_CONVERTED_LEAD,00Q2000000qKSYeEAO
260,CANNOT_UPDATE_CONVERTED_LEAD,00Q2000000o9Ix9EAE
261,CANNOT_UPDATE_CONVERTED_LEAD,00Q2000000o9Ix5EAE
262,CANNOT_UPDATE_CONVERTED_LEAD,00Q2000000o9IJZEA2
263,CANNOT_UPDATE_CONVERTED_LEAD,00Q2000000o9IJYEA2
264,CANNOT_UPDATE_CONVERTED_LEAD,00Q2000000o9IJXEA2
265,CANNOT_UPDATE_CONVERTED_LEAD,00Q2000000o9IJWEA2
266,CANNOT_UPDATE_CONVERTED_LEAD,00Q2000000o9IJVEA2
267,CANNOT_UPDATE_CONVERTED_LEAD,00Q2000000o9IIuEAM
268,CANNOT_UPDATE_CONVERTED_LEAD,00Q2000000o9IK6EAM
269,CANNOT_UPDATE_CONVERTED_LEAD,00Q2000000o9IJUEA2
270,CANNOT_UPDATE_CONVERTED_LEAD,00Q2000000o9IJTEA2
271,CANNOT_UPDATE_CONVERTED_LEAD,00Q2000000o9IIrEAM
272,CANNOT_UPDATE_CONVERTED_LEAD,00Q2000000o9ImfEAE
273,CANNOT_UPDATE_CONVERTED_LEAD,00Q2000000o9InEEAU
274,CANNOT_UPDATE_CONVERTED_LEAD,00Q2000000o9ImdEAE
275,CANNOT_UPDATE_CONVERTED_LEAD,00Q2000000o9ImSEAU
276,CANNOT_UPDATE_CONVERTED_LEAD,00Q2000000o9IzNEAU
277,CANNOT_UPDATE_CONVERTED_LEAD,00Q2000000o9IzLEAU
278,CANNOT_UPDATE_CONVERTED_LEAD,00Q2000000o9IzJEAU
279,CANNOT_UPDATE_CONVERTED_LEAD,00Q2000000o9IyiEAE
280,CANNOT_UPDATE_CONVERTED_LEAD,00Q2000000o9IygEAE
281,CANNOT_UPDATE_CONVERTED_LEAD,00Q2000000o9ISTEA2
282,CANNOT_UPDATE_CONVERTED_LEAD,00Q2000000o9ISPEA2
283,CANNOT_UPDATE_CONVERTED_LEAD,00Q2000000o9ISJEA2
284,CANNOT_UPDATE_CONVERTED_LEAD,00Q2000000o9IJQEA2
285,CANNOT_UPDATE_CONVERTED_LEAD,00Q2000000pqyYqEAI
286,CANNOT_UPDATE_CONVERTED_LEAD,00Q2000000o9ImOEAU
287,CANNOT_UPDATE_CONVERTED_LEAD,00Q2000000o9InlEAE
288,CANNOT_UPDATE_CONVERTED_LEAD,00Q2000000o9InjEAE
289,CANNOT_UPDATE_CONVERTED_LEAD,00Q2000000o9InfEAE
290,CANNOT_UPDATE_CONVERTED_LEAD,00Q2000000o9IzEEAU
291,CANNOT_UPDATE_CONVERTED_LEAD,00Q2000000o9IzCEAU
292,CANNOT_UPDATE_CONVERTED_LEAD,00Q2000000owpnlEAA
293,CANNOT_UPDATE_CONVERTED_LEAD,00Q2000000o9IzBEAU
294,CANNOT_UPDATE_CONVERTED_LEAD,00Q2000000o9IzAEAU
295,CANNOT_UPDATE_CONVERTED_LEAD,00Q2000000o9ITCEA2
296,CANNOT_UPDATE_CONVERTED_LEAD,00Q2000000o9jm9EAA
297,CANNOT_UPDATE_CONVERTED_LEAD,00Q2000000o9IKaEAM
298,CANNOT_UPDATE_CONVERTED_LEAD,00Q2000000o9IJwEAM
299,CANNOT_UPDATE_CONVERTED_LEAD,00Q2000000o9IKQEA2
300,CANNOT_UPDATE_CONVERTED_LEAD,00Q2000000o9IL1EAM
301,CANNOT_UPDATE_CONVERTED_LEAD,00Q2000000o9ImyEAE
302,CANNOT_UPDATE_CONVERTED_LEAD,00Q2000000o9InUEAU
303,CANNOT_UPDATE_CONVERTED_LEAD,00Q2000000o9ImtEAE
304,CANNOT_UPDATE_CONVERTED_LEAD,00Q2000000o9InPEAU
305,CANNOT_UPDATE_CONVERTED_LEAD,00Q2000000oyCbcEAE
306,CANNOT_UPDATE_CONVERTED_LEAD,00Q2000000o9IzzEAE
307,CANNOT_UPDATE_CONVERTED_LEAD,00Q2000000o9IzxEAE
308,CANNOT_UPDATE_CONVERTED_LEAD,00Q2000000o9IzuEAE
309,CANNOT_UPDATE_CONVERTED_LEAD,00Q2000000o9IzrEAE
310,CANNOT_UPDATE_CONVERTED_LEAD,00Q2000000o9IzpEAE
311,CANNOT_UPDATE_CONVERTED_LEAD,00Q2000000o9ISbEAM
312,CANNOT_UPDATE_CONVERTED_LEAD,00Q2000000o9ITBEA2
313,CANNOT_UPDATE_CONVERTED_LEAD,00Q2000000o9ISXEA2
314,CANNOT_UPDATE_CONVERTED_LEAD,00Q2000000o9ISWEA2
315,CANNOT_UPDATE_CONVERTED_LEAD,00Q2000000o9ISVEA2
316,CANNOT_UPDATE_CONVERTED_LEAD,00Q2000000o9IT6EAM
317,CANNOT_UPDATE_CONVERTED_LEAD,00Q2000000o9ISUEA2
318,CANNOT_UPDATE_CONVERTED_LEAD,00Q2000000o9IPqEAM
319,CANNOT_UPDATE_CONVERTED_LEAD,00Q2000000o9IQQEA2
320,CANNOT_UPDATE_CONVERTED_LEAD,00Q2000000o9IQNEA2
321,CANNOT_UPDATE_CONVERTED_LEAD,00Q2000000o9IL0EAM
322,CANNOT_UPDATE_CONVERTED_LEAD,00Q2000000o9IIIEA2
323,CANNOT_UPDATE_CONVERTED_LEAD,00Q2000000o9IHfEAM
324,CANNOT_UPDATE_CONVERTED_LEAD,00Q2000000o9ImCEAU
325,CANNOT_UPDATE_CONVERTED_LEAD,00Q2000000prIxzEAE
326,CANNOT_UPDATE_CONVERTED_LEAD,00Q2000000owpnXEAQ
327,CANNOT_UPDATE_CONVERTED_LEAD,00Q2000000o9IznEAE
328,CANNOT_UPDATE_CONVERTED_LEAD,00Q2000000o9IQFEA2
329,CANNOT_UPDATE_CONVERTED_LEAD,00Q2000000o9IQ8EAM
330,CANNOT_UPDATE_CONVERTED_LEAD,00Q2000000o9IHZEA2
331,CANNOT_UPDATE_CONVERTED_LEAD,00Q2000000o9II8EAM
332,CANNOT_UPDATE_CONVERTED_LEAD,00Q2000000o9IHVEA2
333,CANNOT_UPDATE_CONVERTED_LEAD,00Q2000000o9II5EAM
334,CANNOT_UPDATE_CONVERTED_LEAD,00Q2000000o9IGsEAM
335,CANNOT_UPDATE_CONVERTED_LEAD,00Q2000000o9IjDEAU
336,CANNOT_UPDATE_CONVERTED_LEAD,00Q2000000o9IwxEAE
337,CANNOT_UPDATE_CONVERTED_LEAD,00Q2000000o9IQWEA2
338,CANNOT_UPDATE_CONVERTED_LEAD,00Q2000000o9IQTEA2
339,CANNOT_UPDATE_CONVERTED_LEAD,00Q2000000oxOzzEAE
340,CANNOT_UPDATE_CONVERTED_LEAD,00Q2000000o9IGmEAM
341,CANNOT_UPDATE_CONVERTED_LEAD,00Q2000000oxOzuEAE
342,CANNOT_UPDATE_CONVERTED_LEAD,00Q2000000pqzb2EAA
343,CANNOT_UPDATE_CONVERTED_LEAD,00Q2000000qKv0UEAS
344,CANNOT_UPDATE_CONVERTED_LEAD,00Q2000000o9Iy7EAE
345,CANNOT_UPDATE_CONVERTED_LEAD,00Q2000000o9IwuEAE
346,CANNOT_UPDATE_CONVERTED_LEAD,00Q2000000o9IxUEAU
347,CANNOT_UPDATE_CONVERTED_LEAD,00Q2000000owpnBEAQ
348,CANNOT_UPDATE_CONVERTED_LEAD,00Q2000000o9kSKEAY
349,CANNOT_UPDATE_CONVERTED_LEAD,00Q2000000o9IJKEA2
350,CANNOT_UPDATE_CONVERTED_LEAD,00Q2000000o9IJJEA2
351,CANNOT_UPDATE_CONVERTED_LEAD,00Q2000000oxOzsEAE
352,CANNOT_UPDATE_CONVERTED_LEAD,00Q2000000o9IJIEA2
353,CANNOT_UPDATE_CONVERTED_LEAD,00Q2000000oxOztEAE
354,CANNOT_UPDATE_CONVERTED_LEAD,00Q2000000o9IIeEAM
355,CANNOT_UPDATE_CONVERTED_LEAD,00Q2000000oxOzpEAE
356,CANNOT_UPDATE_CONVERTED_LEAD,00Q2000000qKtoIEAS
357,CANNOT_UPDATE_CONVERTED_LEAD,00Q2000000o9Iy0EAE
358,CANNOT_UPDATE_CONVERTED_LEAD,00Q2000000o9IJAEA2
359,CANNOT_UPDATE_CONVERTED_LEAD,00Q2000000o9IHzEAM
360,CANNOT_UPDATE_CONVERTED_LEAD,00Q2000000o9IIZEA2
361,CANNOT_UPDATE_CONVERTED_LEAD,00Q2000000ov2sFEAQ
362,CANNOT_UPDATE_CONVERTED_LEAD,00Q2000000prBdEEAU
363,CANNOT_UPDATE_CONVERTED_LEAD,00Q2000000owWw5EAE
364,CANNOT_UPDATE_CONVERTED_LEAD,00Q2000000prSh3EAE
365,CANNOT_UPDATE_CONVERTED_LEAD,00Q2000000ov3M4EAI
366,CANNOT_UPDATE_CONVERTED_LEAD,00Q2000000oxZp0EAE
367,CANNOT_UPDATE_CONVERTED_LEAD,00Q2000000owWjpEAE
368,CANNOT_UPDATE_CONVERTED_LEAD,00Q2000000owXKqEAM
369,CANNOT_UPDATE_CONVERTED_LEAD,00Q2000000owWjLEAU
370,CANNOT_UPDATE_CONVERTED_LEAD,00Q2000000pr2QVEAY
371,CANNOT_UPDATE_CONVERTED_LEAD,00Q2000000pr0oHEAQ
372,CANNOT_UPDATE_CONVERTED_LEAD,00Q2000000ovVGLEA2
373,CANNOT_UPDATE_CONVERTED_LEAD,00Q2000000o8c9WEAQ
374,CANNOT_UPDATE_CONVERTED_LEAD,00Q2000000ov4CeEAI
375,CANNOT_UPDATE_CONVERTED_LEAD,00Q2000000o8R5jEAE
376,CANNOT_UPDATE_CONVERTED_LEAD,00Q2000000o9w6mEAA
377,CANNOT_UPDATE_CONVERTED_LEAD,00Q2000000prAxVEAU
378,CANNOT_UPDATE_CONVERTED_LEAD,00Q2000000o9w4vEAA
379,CANNOT_UPDATE_CONVERTED_LEAD,00Q2000000ovV9yEAE
380,CANNOT_UPDATE_CONVERTED_LEAD,00Q2000000oud6ZEAQ
381,CANNOT_UPDATE_CONVERTED_LEAD,00Q2000000qKKkSEAW
382,CANNOT_UPDATE_CONVERTED_LEAD,00Q2000000o9Iu6EAE
383,CANNOT_UPDATE_CONVERTED_LEAD,00Q2000000o9Iu4EAE
384,CANNOT_UPDATE_CONVERTED_LEAD,00Q2000000pquq4EAA
385,CANNOT_UPDATE_CONVERTED_LEAD,00Q2000000ouepBEAQ
386,CANNOT_UPDATE_CONVERTED_LEAD,00Q2000000ouDevEAE
387,CANNOT_UPDATE_CONVERTED_LEAD,00Q2000000o9ItQEAU
388,CANNOT_UPDATE_CONVERTED_LEAD,00Q2000000oukDREAY
389,CANNOT_UPDATE_CONVERTED_LEAD,00Q2000000o9IttEAE
390,CANNOT_UPDATE_CONVERTED_LEAD,00Q2000000o9ItsEAE
391,CANNOT_UPDATE_CONVERTED_LEAD,00Q2000000o9IuQEAU
392,CANNOT_UPDATE_CONVERTED_LEAD,00Q2000000o9IuPEAU
393,CANNOT_UPDATE_CONVERTED_LEAD,00Q2000000o9ItoEAE
394,CANNOT_UPDATE_CONVERTED_LEAD,00Q2000000o9IuLEAU
395,CANNOT_UPDATE_CONVERTED_LEAD,00Q2000000o9ItiEAE
396,CANNOT_UPDATE_CONVERTED_LEAD,00Q2000000o9ItgEAE
397,CANNOT_UPDATE_CONVERTED_LEAD,00Q2000000o9ItfEAE
398,CANNOT_UPDATE_CONVERTED_LEAD,00Q2000000qKqIMEA0
399,CANNOT_UPDATE_CONVERTED_LEAD,00Q2000000qL0GHEA0
400,CANNOT_UPDATE_CONVERTED_LEAD,00Q2000000o7t6REAQ
401,CANNOT_UPDATE_CONVERTED_LEAD,00Q2000000o8dqdEAA
402,CANNOT_UPDATE_CONVERTED_LEAD,00Q2000000o9ItYEAU
403,CANNOT_UPDATE_CONVERTED_LEAD,00Q2000000o9Iu7EAE
404,CANNOT_UPDATE_CONVERTED_LEAD,00Q2000000ouCUcEAM
405,CANNOT_UPDATE_CONVERTED_LEAD,00Q2000000pqtk0EAA
406,CANNOT_UPDATE_CONVERTED_LEAD,00Q2000000o8RcnEAE
407,CANNOT_UPDATE_CONVERTED_LEAD,00Q2000000qKoyDEAS
408,CANNOT_UPDATE_CONVERTED_LEAD,00Q2000000ov5NXEAY
409,CANNOT_UPDATE_CONVERTED_LEAD,00Q2000000ovFNYEA2
410,CANNOT_UPDATE_CONVERTED_LEAD,00Q2000000owl4wEAA
411,CANNOT_UPDATE_CONVERTED_LEAD,00Q2000000owjoSEAQ
412,CANNOT_UPDATE_CONVERTED_LEAD,00Q2000000ouDHFEA2
413,CANNOT_UPDATE_CONVERTED_LEAD,00Q2000000owZn5EAE
414,CANNOT_UPDATE_CONVERTED_LEAD,00Q2000000owlaUEAQ
415,CANNOT_UPDATE_CONVERTED_LEAD,00Q2000000o8eMZEAY
416,CANNOT_UPDATE_CONVERTED_LEAD,00Q2000000ouDRzEAM
417,CANNOT_UPDATE_CONVERTED_LEAD,00Q2000000ouDSQEA2
418,CANNOT_UPDATE_CONVERTED_LEAD,00Q2000000qKpEYEA0
419,CANNOT_UPDATE_CONVERTED_LEAD,00Q2000000qKpExEAK
420,CANNOT_UPDATE_CONVERTED_LEAD,00Q2000000o8tyEEAQ
421,CANNOT_UPDATE_CONVERTED_LEAD,00Q2000000o93u2EAA
422,CANNOT_UPDATE_CONVERTED_LEAD,00Q2000000pqtaKEAQ
423,CANNOT_UPDATE_CONVERTED_LEAD,00Q2000000oxnhoEAA
424,CANNOT_UPDATE_CONVERTED_LEAD,00Q2000000o93mXEAQ
425,CANNOT_UPDATE_CONVERTED_LEAD,00Q2000000ouDSTEA2
426,CANNOT_UPDATE_CONVERTED_LEAD,00Q2000000ouDSSEA2
427,CANNOT_UPDATE_CONVERTED_LEAD,00Q2000000ouDSREA2
428,CANNOT_UPDATE_CONVERTED_LEAD,00Q2000000ouDSLEA2
429,CANNOT_UPDATE_CONVERTED_LEAD,00Q2000000ouDSDEA2
430,CANNOT_UPDATE_CONVERTED_LEAD,00Q2000000ouDS9EAM
431,CANNOT_UPDATE_CONVERTED_LEAD,00Q2000000ouDS8EAM
432,CANNOT_UPDATE_CONVERTED_LEAD,00Q2000000ouDS7EAM
433,CANNOT_UPDATE_CONVERTED_LEAD,00Q2000000ouDS6EAM
434,CANNOT_UPDATE_CONVERTED_LEAD,00Q2000000o9FG6EAM
435,CANNOT_UPDATE_CONVERTED_LEAD,00Q2000000qKnywEAC
436,CANNOT_UPDATE_CONVERTED_LEAD,00Q2000000oxlt9EAA
437,CANNOT_UPDATE_CONVERTED_LEAD,00Q2000000owHNGEA2
438,CANNOT_UPDATE_CONVERTED_LEAD,00Q2000000ouuHxEAI
439,CANNOT_UPDATE_CONVERTED_LEAD,00Q2000000prStsEAE
440,CANNOT_UPDATE_CONVERTED_LEAD,00Q2000000oxmjWEAQ
441,CANNOT_UPDATE_CONVERTED_LEAD,00Q2000000oxmjTEAQ
442,CANNOT_UPDATE_CONVERTED_LEAD,00Q2000000oxmjUEAQ
443,CANNOT_UPDATE_CONVERTED_LEAD,00Q2000000oxnHCEAY
444,CANNOT_UPDATE_CONVERTED_LEAD,00Q2000000o8bnBEAQ
445,CANNOT_UPDATE_CONVERTED_LEAD,00Q2000000prTaNEAU
446,CANNOT_UPDATE_CONVERTED_LEAD,00Q2000000oxnEAEAY
447,CANNOT_UPDATE_CONVERTED_LEAD,00Q2000000oxnE7EAI
448,CANNOT_UPDATE_CONVERTED_LEAD,00Q2000000qh0VsEAI
449,CANNOT_UPDATE_CONVERTED_LEAD,00Q2000000qh0WWEAY
450,CANNOT_UPDATE_CONVERTED_LEAD,00Q2000000qh0WbEAI
451,CANNOT_UPDATE_CONVERTED_LEAD,00Q2000000o9IqNEAU
452,CANNOT_UPDATE_CONVERTED_LEAD,00Q2000000o9IqLEAU
453,CANNOT_UPDATE_CONVERTED_LEAD,00Q2000000o9IqJEAU
454,CANNOT_UPDATE_CONVERTED_LEAD,00Q2000000o9IrAEAU
455,CANNOT_UPDATE_CONVERTED_LEAD,00Q2000000o9IqZEAU
456,CANNOT_UPDATE_CONVERTED_LEAD,00Q2000000o9IqXEAU
457,CANNOT_UPDATE_CONVERTED_LEAD,00Q2000000o9IqzEAE
458,CANNOT_UPDATE_CONVERTED_LEAD,00Q2000000o9IqvEAE
459,CANNOT_UPDATE_CONVERTED_LEAD,00Q2000000o9IqtEAE
460,CANNOT_UPDATE_CONVERTED_LEAD,00Q2000000o9InwEAE
461,CANNOT_UPDATE_CONVERTED_LEAD,00Q2000000qh09hEAA
462,CANNOT_UPDATE_CONVERTED_LEAD,00Q2000000qh0A1EAI
463,CANNOT_UPDATE_CONVERTED_LEAD,00Q2000000qh0AaEAI
464,CANNOT_UPDATE_CONVERTED_LEAD,00Q2000000qh0B4EAI
465,CANNOT_UPDATE_CONVERTED_LEAD,00Q2000000qh0MCEAY
466,CANNOT_UPDATE_CONVERTED_LEAD,00Q2000000qh0NAEAY
467,CANNOT_UPDATE_CONVERTED_LEAD,00Q2000000qh0NZEAY
468,CANNOT_UPDATE_CONVERTED_LEAD,00Q2000000qh0ODEAY
469,CANNOT_UPDATE_CONVERTED_LEAD,00Q2000000qh0ONEAY
470,CANNOT_UPDATE_CONVERTED_LEAD,00Q2000000qgRCTEA2
471,CANNOT_UPDATE_CONVERTED_LEAD,00Q2000000qgRkzEAE
472,CANNOT_UPDATE_CONVERTED_LEAD,00Q2000000qgSVWEA2
473,CANNOT_UPDATE_CONVERTED_LEAD,00Q2000000qg38vEAA
474,CANNOT_UPDATE_CONVERTED_LEAD,00Q2000000qg3K8EAI
475,CANNOT_UPDATE_CONVERTED_LEAD,00Q2000000qg3TtEAI
476,CANNOT_UPDATE_CONVERTED_LEAD,00Q2000000qg4GSEAY
477,CANNOT_UPDATE_CONVERTED_LEAD,00Q2000000qg4WFEAY
478,CANNOT_UPDATE_CONVERTED_LEAD,00Q2000000qgTuFEAU
479,CANNOT_UPDATE_CONVERTED_LEAD,00Q2000000qgU2sEAE
480,CANNOT_UPDATE_CONVERTED_LEAD,00Q2000000qgUKhEAM
481,CANNOT_UPDATE_CONVERTED_LEAD,00Q2000000qg4ZOEAY
482,CANNOT_UPDATE_CONVERTED_LEAD,00Q2000000qg4dBEAQ
483,CANNOT_UPDATE_CONVERTED_LEAD,00Q2000000qg4eJEAQ
484,CANNOT_UPDATE_CONVERTED_LEAD,00Q2000000qg6iEEAQ
485,CANNOT_UPDATE_CONVERTED_LEAD,00Q2000000qg6lSEAQ
486,CANNOT_UPDATE_CONVERTED_LEAD,00Q2000000qg73MEAQ
487,CANNOT_UPDATE_CONVERTED_LEAD,00Q2000000qg7KDEAY
488,CANNOT_UPDATE_CONVERTED_LEAD,00Q2000000qg7oXEAQ
489,CANNOT_UPDATE_CONVERTED_LEAD,00Q2000000qg883EAA
490,CANNOT_UPDATE_CONVERTED_LEAD,00Q2000000qgA8zEAE
491,CANNOT_UPDATE_CONVERTED_LEAD,00Q2000000qgAXVEA2
492,CANNOT_UPDATE_CONVERTED_LEAD,00Q2000000qgBCHEA2
493,CANNOT_UPDATE_CONVERTED_LEAD,00Q2000000qgCw6EAE
494,CANNOT_UPDATE_CONVERTED_LEAD,00Q2000000qgCwCEAU
495,CANNOT_UPDATE_CONVERTED_LEAD,00Q2000000qgCwEEAU
496,CANNOT_UPDATE_CONVERTED_LEAD,00Q2000000qgCwIEAU
497,CANNOT_UPDATE_CONVERTED_LEAD,00Q2000000qgfvvEAA
498,CANNOT_UPDATE_CONVERTED_LEAD,00Q2000000qgfvyEAA
499,CANNOT_UPDATE_CONVERTED_LEAD,00Q2000000qgfw4EAA
500,CANNOT_UPDATE_CONVERTED_LEAD,00Q2000000qgfwIEAQ
501,CANNOT_UPDATE_CONVERTED_LEAD,00Q2000000qgCwYEAU
502,CANNOT_UPDATE_CONVERTED_LEAD,00Q2000000qgCwaEAE
503,CANNOT_UPDATE_CONVERTED_LEAD,00Q2000000qgCwbEAE
504,CANNOT_UPDATE_CONVERTED_LEAD,00Q2000000qgCwfEAE
505,CANNOT_UPDATE_CONVERTED_LEAD,00Q2000000qgCwgEAE
506,CANNOT_UPDATE_CONVERTED_LEAD,00Q2000000qgCwhEAE
507,CANNOT_UPDATE_CONVERTED_LEAD,00Q2000000qgCwiEAE
508,CANNOT_UPDATE_CONVERTED_LEAD,00Q2000000qgCwkEAE
509,CANNOT_UPDATE_CONVERTED_LEAD,00Q2000000qgif6EAA
510,CANNOT_UPDATE_CONVERTED_LEAD,00Q2000000qgjS1EAI
511,CANNOT_UPDATE_CONVERTED_LEAD,00Q2000000qgjmzEAA
512,CANNOT_UPDATE_CONVERTED_LEAD,00Q2000000qgCwuEAE
513,CANNOT_UPDATE_CONVERTED_LEAD,00Q2000000qgCwvEAE
514,CANNOT_UPDATE_CONVERTED_LEAD,00Q2000000qgdNwEAI
515,CANNOT_UPDATE_CONVERTED_LEAD,00Q2000000qgCxMEAU
516,CANNOT_UPDATE_CONVERTED_LEAD,00Q2000000qgCxNEAU
517,CANNOT_UPDATE_CONVERTED_LEAD,00Q2000000qgCxsEAE
518,CANNOT_UPDATE_CONVERTED_LEAD,00Q2000000qgfwcEAA
519,CANNOT_UPDATE_CONVERTED_LEAD,00Q2000000qgfwdEAA
520,CANNOT_UPDATE_CONVERTED_LEAD,00Q2000000qgfwhEAA
521,CANNOT_UPDATE_CONVERTED_LEAD,00Q2000000qgCy2EAE
522,CANNOT_UPDATE_CONVERTED_LEAD,00Q2000000qgmUOEAY
523,CANNOT_UPDATE_CONVERTED_LEAD,00Q2000000qgCycEAE
524,CANNOT_UPDATE_CONVERTED_LEAD,00Q2000000qgCydEAE
525,CANNOT_UPDATE_CONVERTED_LEAD,00Q2000000qgCyeEAE
526,CANNOT_UPDATE_CONVERTED_LEAD,00Q2000000qgCyfEAE
527,CANNOT_UPDATE_CONVERTED_LEAD,00Q2000000qgCyiEAE
528,CANNOT_UPDATE_CONVERTED_LEAD,00Q2000000qgfHVEAY
529,CANNOT_UPDATE_CONVERTED_LEAD,00Q2000000qgHrVEAU
530,CANNOT_UPDATE_CONVERTED_LEAD,00Q2000000qgJesEAE
531,CANNOT_UPDATE_CONVERTED_LEAD,00Q2000000qgL8PEAU
532,CANNOT_UPDATE_CONVERTED_LEAD,00Q2000000qgMLFEA2
533,CANNOT_UPDATE_CONVERTED_LEAD,00Q2000000qgMkkEAE
534,CANNOT_UPDATE_CONVERTED_LEAD,00Q2000000qgORBEA2
535,CANNOT_UPDATE_CONVERTED_LEAD,00Q2000000qgP61EAE
536,CANNOT_UPDATE_CONVERTED_LEAD,00Q2000000qgPeZEAU
537,CANNOT_UPDATE_CONVERTED_LEAD,00Q2000000qgfaWEAQ
538,CANNOT_UPDATE_CONVERTED_LEAD,00Q2000000qgPoKEAU
539,CANNOT_UPDATE_CONVERTED_LEAD,00Q2000000qgfxLEAQ
540,CANNOT_UPDATE_CONVERTED_LEAD,00Q2000000qgR2lEAE
541,CANNOT_UPDATE_CONVERTED_LEAD,00Q2000000qfzi0EAA
542,CANNOT_UPDATE_CONVERTED_LEAD,00Q2000000qfziFEAQ
543,CANNOT_UPDATE_CONVERTED_LEAD,00Q2000000qfzk6EAA
544,CANNOT_UPDATE_CONVERTED_LEAD,00Q2000000qg0QGEAY
545,CANNOT_UPDATE_CONVERTED_LEAD,00Q2000000qg0UwEAI
546,CANNOT_UPDATE_CONVERTED_LEAD,00Q2000000qg0X2EAI
547,CANNOT_UPDATE_CONVERTED_LEAD,00Q2000000qg0YyEAI
548,CANNOT_UPDATE_CONVERTED_LEAD,00Q2000000qg0uGEAQ
549,CANNOT_UPDATE_CONVERTED_LEAD,00Q2000000qgvIIEAY
550,CANNOT_UPDATE_CONVERTED_LEAD,00Q2000000qgwaxEAA
551,CANNOT_UPDATE_CONVERTED_LEAD,00Q2000000qgwgHEAQ
552,CANNOT_UPDATE_CONVERTED_LEAD,00Q2000000qLvGWEA0
553,CANNOT_UPDATE_CONVERTED_LEAD,00Q2000000qKvkSEAS
554,CANNOT_UPDATE_CONVERTED_LEAD,00Q2000000oukVaEAI
555,CANNOT_UPDATE_CONVERTED_LEAD,00Q2000000oujuKEAQ
556,CANNOT_UPDATE_CONVERTED_LEAD,00Q2000000qKemoEAC
557,CANNOT_UPDATE_CONVERTED_LEAD,00Q2000000qKhucEAC
558,CANNOT_UPDATE_CONVERTED_LEAD,00Q2000000qKhyQEAS
559,CANNOT_UPDATE_CONVERTED_LEAD,00Q2000000qKhyMEAS
560,CANNOT_UPDATE_CONVERTED_LEAD,00Q2000000qKhyUEAS
561,CANNOT_UPDATE_CONVERTED_LEAD,00Q2000000ox5ZnEAI
562,CANNOT_UPDATE_CONVERTED_LEAD,00Q2000000qKSo3EAG
563,CANNOT_UPDATE_CONVERTED_LEAD,00Q2000000o87afEAA
564,CANNOT_UPDATE_CONVERTED_LEAD,00Q2000000qKdthEAC
565,CANNOT_UPDATE_CONVERTED_LEAD,00Q2000000oxBQrEAM
566,CANNOT_UPDATE_CONVERTED_LEAD,00Q2000000oxv6GEAQ
567,CANNOT_UPDATE_CONVERTED_LEAD,00Q2000000owfgtEAA
568,CANNOT_UPDATE_CONVERTED_LEAD,00Q2000000pqr29EAA
569,CANNOT_UPDATE_CONVERTED_LEAD,00Q2000000ovPsHEAU
570,CANNOT_UPDATE_CONVERTED_LEAD,00Q2000000o9qeaEAA
571,CANNOT_UPDATE_CONVERTED_LEAD,00Q2000000oxX8JEAU
572,CANNOT_UPDATE_CONVERTED_LEAD,00Q2000000prOZ5EAM
573,CANNOT_UPDATE_CONVERTED_LEAD,00Q2000000ow1oREAQ
574,CANNOT_UPDATE_CONVERTED_LEAD,00Q2000000owBozEAE
575,CANNOT_UPDATE_CONVERTED_LEAD,00Q2000000oxuRPEAY
576,CANNOT_UPDATE_CONVERTED_LEAD,00Q2000000owhFsEAI
577,CANNOT_UPDATE_CONVERTED_LEAD,00Q2000000owhGWEAY
578,CANNOT_UPDATE_CONVERTED_LEAD,00Q2000000ovvEDEAY
579,CANNOT_UPDATE_CONVERTED_LEAD,00Q2000000o9QopEAE
580,CANNOT_UPDATE_CONVERTED_LEAD,00Q2000000prR4ZEAU
581,CANNOT_UPDATE_CONVERTED_LEAD,00Q2000000owxuwEAA
582,CANNOT_UPDATE_CONVERTED_LEAD,00Q2000000ov1gwEAA
583,CANNOT_UPDATE_CONVERTED_LEAD,00Q2000000owEklEAE
584,CANNOT_UPDATE_CONVERTED_LEAD,00Q2000000o9AYvEAM
585,CANNOT_UPDATE_CONVERTED_LEAD,00Q2000000ovvKQEAY
586,CANNOT_UPDATE_CONVERTED_LEAD,00Q2000000o8NbOEAU
587,CANNOT_UPDATE_CONVERTED_LEAD,00Q2000000o8NalEAE
588,CANNOT_UPDATE_CONVERTED_LEAD,00Q2000000o8NbJEAU
589,CANNOT_UPDATE_CONVERTED_LEAD,00Q2000000o8NbHEAU
590,CANNOT_UPDATE_CONVERTED_LEAD,00Q2000000oxZMZEA2
591,CANNOT_UPDATE_CONVERTED_LEAD,00Q2000000o9RXLEA2
592,CANNOT_UPDATE_CONVERTED_LEAD,00Q2000000pqr1iEAA
593,CANNOT_UPDATE_CONVERTED_LEAD,00Q2000000pqr1jEAA
594,CANNOT_UPDATE_CONVERTED_LEAD,00Q2000000pqr2LEAQ
595,CANNOT_UPDATE_CONVERTED_LEAD,00Q2000000pqr1kEAA
596,CANNOT_UPDATE_CONVERTED_LEAD,00Q2000000pqr1lEAA
597,CANNOT_UPDATE_CONVERTED_LEAD,00Q2000000pqr2OEAQ
598,CANNOT_UPDATE_CONVERTED_LEAD,00Q2000000pqr2PEAQ
599,CANNOT_UPDATE_CONVERTED_LEAD,00Q2000000pqr2QEAQ
600,CANNOT_UPDATE_CONVERTED_LEAD,00Q2000000ovQmtEAE
601,CANNOT_UPDATE_CONVERTED_LEAD,00Q2000000qKYmNEAW
602,CANNOT_UPDATE_CONVERTED_LEAD,00Q2000000oxFnUEAU
603,CANNOT_UPDATE_CONVERTED_LEAD,00Q2000000pqr1eEAA
604,CANNOT_UPDATE_CONVERTED_LEAD,00Q2000000pqr1hEAA
605,CANNOT_UPDATE_CONVERTED_LEAD,00Q2000000oxXL8EAM
606,CANNOT_UPDATE_CONVERTED_LEAD,00Q2000000o9s8tEAA
607,CANNOT_UPDATE_CONVERTED_LEAD,00Q2000000pqr3LEAQ
608,CANNOT_UPDATE_CONVERTED_LEAD,00Q2000000pqr45EAA
609,CANNOT_UPDATE_CONVERTED_LEAD,00Q2000000pqr3TEAQ
610,CANNOT_UPDATE_CONVERTED_LEAD,00Q2000000pqr3UEAQ
611,CANNOT_UPDATE_CONVERTED_LEAD,00Q2000000pqr3lEAA
612,CANNOT_UPDATE_CONVERTED_LEAD,00Q2000000qKIV1EAO
613,CANNOT_UPDATE_CONVERTED_LEAD,00Q2000000owyiAEAQ
614,CANNOT_UPDATE_CONVERTED_LEAD,00Q2000000pqr4XEAQ
615,CANNOT_UPDATE_CONVERTED_LEAD,00Q2000000qKZ7zEAG
616,CANNOT_UPDATE_CONVERTED_LEAD,00Q2000000oxjGhEAI
617,CANNOT_UPDATE_CONVERTED_LEAD,00Q2000000oxzhPEAQ
618,CANNOT_UPDATE_CONVERTED_LEAD,00Q2000000ox6bJEAQ
619,CANNOT_UPDATE_CONVERTED_LEAD,00Q2000000o9sTUEAY
620,CANNOT_UPDATE_CONVERTED_LEAD,00Q2000000o9aqjEAA
621,CANNOT_UPDATE_CONVERTED_LEAD,00Q2000000qKg4CEAS
622,CANNOT_UPDATE_CONVERTED_LEAD,00Q2000000qL73vEAC
623,CANNOT_UPDATE_CONVERTED_LEAD,00Q2000000owavvEAA
624,CANNOT_UPDATE_CONVERTED_LEAD,00Q2000000qL5sFEAS
625,CANNOT_UPDATE_CONVERTED_LEAD,00Q2000000ow04CEAQ
626,CANNOT_UPDATE_CONVERTED_LEAD,00Q2000000o8Q2vEAE
627,CANNOT_UPDATE_CONVERTED_LEAD,00Q2000000pqr6REAQ
628,CANNOT_UPDATE_CONVERTED_LEAD,00Q2000000oxzh0EAA
629,CANNOT_UPDATE_CONVERTED_LEAD,00Q2000000ovAUtEAM
630,CANNOT_UPDATE_CONVERTED_LEAD,00Q2000000qL76aEAC
631,CANNOT_UPDATE_CONVERTED_LEAD,00Q2000000qKvy5EAC
632,CANNOT_UPDATE_CONVERTED_LEAD,00Q2000000owbSYEAY
633,CANNOT_UPDATE_CONVERTED_LEAD,00Q2000000ouNoJEAU
634,CANNOT_UPDATE_CONVERTED_LEAD,00Q2000000our1rEAA
635,CANNOT_UPDATE_CONVERTED_LEAD,00Q2000000owusMEAQ
636,CANNOT_UPDATE_CONVERTED_LEAD,00Q2000000oyFUjEAM
637,CANNOT_UPDATE_CONVERTED_LEAD,00Q2000000oxTTHEA2
638,CANNOT_UPDATE_CONVERTED_LEAD,00Q2000000oyFQrEAM
639,CANNOT_UPDATE_CONVERTED_LEAD,00Q2000000oyFQuEAM
640,CANNOT_UPDATE_CONVERTED_LEAD,00Q2000000oyFQtEAM
641,CANNOT_UPDATE_CONVERTED_LEAD,00Q2000000oumJXEAY
642,CANNOT_UPDATE_CONVERTED_LEAD,00Q2000000qKwaKEAS
643,CANNOT_UPDATE_CONVERTED_LEAD,00Q2000000pqr6fEAA
644,CANNOT_UPDATE_CONVERTED_LEAD,00Q2000000o9BP2EAM
645,CANNOT_UPDATE_CONVERTED_LEAD,00Q2000000owXC7EAM
646,CANNOT_UPDATE_CONVERTED_LEAD,00Q2000000ovQMHEA2
647,CANNOT_UPDATE_CONVERTED_LEAD,00Q2000000qKzjXEAS
648,CANNOT_UPDATE_CONVERTED_LEAD,00Q2000000ox5M0EAI
649,CANNOT_UPDATE_CONVERTED_LEAD,00Q2000000ovPgXEAU
650,CANNOT_UPDATE_CONVERTED_LEAD,00Q2000000ovPgPEAU
651,CANNOT_UPDATE_CONVERTED_LEAD,00Q2000000ovPgUEAU
652,CANNOT_UPDATE_CONVERTED_LEAD,00Q2000000ovPgKEAU
653,CANNOT_UPDATE_CONVERTED_LEAD,00Q2000000oxckbEAA
654,CANNOT_UPDATE_CONVERTED_LEAD,00Q2000000ox1HPEAY
655,CANNOT_UPDATE_CONVERTED_LEAD,00Q2000000ox0euEAA
656,CANNOT_UPDATE_CONVERTED_LEAD,00Q2000000qKwD0EAK
657,CANNOT_UPDATE_CONVERTED_LEAD,00Q2000000ox0ekEAA
658,CANNOT_UPDATE_CONVERTED_LEAD,00Q2000000ox0elEAA
659,CANNOT_UPDATE_CONVERTED_LEAD,00Q2000000ox0ecEAA
660,CANNOT_UPDATE_CONVERTED_LEAD,00Q2000000ox0edEAA
661,CANNOT_UPDATE_CONVERTED_LEAD,00Q2000000ovBxdEAE
662,CANNOT_UPDATE_CONVERTED_LEAD,00Q2000000ov1qmEAA
663,CANNOT_UPDATE_CONVERTED_LEAD,00Q2000000ovdvVEAQ
664,CANNOT_UPDATE_CONVERTED_LEAD,00Q2000000owh91EAA
665,CANNOT_UPDATE_CONVERTED_LEAD,00Q2000000owF54EAE
666,CANNOT_UPDATE_CONVERTED_LEAD,00Q2000000ovPgFEAU
667,CANNOT_UPDATE_CONVERTED_LEAD,00Q2000000owBgHEAU
668,CANNOT_UPDATE_CONVERTED_LEAD,00Q2000000o8LV3EAM
669,CANNOT_UPDATE_CONVERTED_LEAD,00Q2000000ovsEXEAY
670,CANNOT_UPDATE_CONVERTED_LEAD,00Q2000000owCCcEAM
671,CANNOT_UPDATE_CONVERTED_LEAD,00Q2000000qKhuLEAS
672,CANNOT_UPDATE_CONVERTED_LEAD,00Q2000000qKhuMEAS
673,CANNOT_UPDATE_CONVERTED_LEAD,00Q2000000qKhuNEAS
674,CANNOT_UPDATE_CONVERTED_LEAD,00Q2000000qKhuOEAS
675,CANNOT_UPDATE_CONVERTED_LEAD,00Q2000000ox0eeEAA
676,CANNOT_UPDATE_CONVERTED_LEAD,00Q2000000ox0efEAA
677,CANNOT_UPDATE_CONVERTED_LEAD,00Q2000000ox0eaEAA
678,CANNOT_UPDATE_CONVERTED_LEAD,00Q2000000o8NZrEAM
679,CANNOT_UPDATE_CONVERTED_LEAD,00Q2000000qKhuIEAS
680,CANNOT_UPDATE_CONVERTED_LEAD,00Q2000000qKhuJEAS
681,CANNOT_UPDATE_CONVERTED_LEAD,00Q2000000qKhuKEAS
682,CANNOT_UPDATE_CONVERTED_LEAD,00Q2000000qKhttEAC
683,CANNOT_UPDATE_CONVERTED_LEAD,00Q2000000qKhtvEAC
684,CANNOT_UPDATE_CONVERTED_LEAD,00Q2000000qKhuPEAS
685,CANNOT_UPDATE_CONVERTED_LEAD,00Q2000000qKhuQEAS
686,CANNOT_UPDATE_CONVERTED_LEAD,00Q2000000qKhuREAS
687,CANNOT_UPDATE_CONVERTED_LEAD,00Q2000000qKhtqEAC
688,CANNOT_UPDATE_CONVERTED_LEAD,00Q2000000qKhuSEAS
689,CANNOT_UPDATE_CONVERTED_LEAD,00Q2000000qKhtwEAC
690,CANNOT_UPDATE_CONVERTED_LEAD,00Q2000000qKhtxEAC
691,CANNOT_UPDATE_CONVERTED_LEAD,00Q2000000qKhtyEAC
692,CANNOT_UPDATE_CONVERTED_LEAD,00Q2000000o99oxEAA
693,CANNOT_UPDATE_CONVERTED_LEAD,00Q2000000oxSBJEA2
694,CANNOT_UPDATE_CONVERTED_LEAD,00Q2000000o8NWgEAM
695,CANNOT_UPDATE_CONVERTED_LEAD,00Q2000000ovAhEEAU
696,CANNOT_UPDATE_CONVERTED_LEAD,00Q2000000oxXnCEAU
697,CANNOT_UPDATE_CONVERTED_LEAD,00Q2000000qKF7FEAW
698,CANNOT_UPDATE_CONVERTED_LEAD,00Q2000000qKF81EAG
699,CANNOT_UPDATE_CONVERTED_LEAD,00Q2000000qKF7MEAW
700,CANNOT_UPDATE_CONVERTED_LEAD,00Q2000000o9IBHEA2
701,CANNOT_UPDATE_CONVERTED_LEAD,00Q2000000o9IAdEAM
702,CANNOT_UPDATE_CONVERTED_LEAD,00Q2000000ovIoFEAU
703,CANNOT_UPDATE_CONVERTED_LEAD,00Q2000000oxOtdEAE
704,CANNOT_UPDATE_CONVERTED_LEAD,00Q2000000o9ID9EAM
705,CANNOT_UPDATE_CONVERTED_LEAD,00Q2000000oxP2DEAU
706,CANNOT_UPDATE_CONVERTED_LEAD,00Q2000000oxP2BEAU
707,CANNOT_UPDATE_CONVERTED_LEAD,00Q2000000oxP1aEAE
708,CANNOT_UPDATE_CONVERTED_LEAD,00Q2000000oxP2CEAU
709,CANNOT_UPDATE_CONVERTED_LEAD,00Q2000000oxP29EAE
710,CANNOT_UPDATE_CONVERTED_LEAD,00Q2000000qKF7XEAW
711,CANNOT_UPDATE_CONVERTED_LEAD,00Q2000000qKF7YEAW
712,CANNOT_UPDATE_CONVERTED_LEAD,00Q2000000qKF85EAG
713,CANNOT_UPDATE_CONVERTED_LEAD,00Q2000000qKF7bEAG
714,CANNOT_UPDATE_CONVERTED_LEAD,00Q2000000qKF7cEAG
715,CANNOT_UPDATE_CONVERTED_LEAD,00Q2000000qKF7kEAG
716,CANNOT_UPDATE_CONVERTED_LEAD,00Q2000000qKF7dEAG
717,CANNOT_UPDATE_CONVERTED_LEAD,00Q2000000ox06HEAQ
718,CANNOT_UPDATE_CONVERTED_LEAD,00Q2000000o9IcjEAE
719,CANNOT_UPDATE_CONVERTED_LEAD,00Q2000000oxqvxEAA
720,CANNOT_UPDATE_CONVERTED_LEAD,00Q2000000oxqwWEAQ
721,CANNOT_UPDATE_CONVERTED_LEAD,00Q2000000oxP1SEAU
722,CANNOT_UPDATE_CONVERTED_LEAD,00Q2000000oxP26EAE
723,CANNOT_UPDATE_CONVERTED_LEAD,00Q2000000oxP20EAE
724,CANNOT_UPDATE_CONVERTED_LEAD,00Q2000000oxP0nEAE
725,CANNOT_UPDATE_CONVERTED_LEAD,00Q2000000qKF7lEAG
726,CANNOT_UPDATE_CONVERTED_LEAD,00Q2000000qKF7tEAG
727,CANNOT_UPDATE_CONVERTED_LEAD,00Q2000000o9IaXEAU
728,CANNOT_UPDATE_CONVERTED_LEAD,00Q2000000oxqvaEAA
729,CANNOT_UPDATE_CONVERTED_LEAD,00Q2000000oxP1QEAU
730,CANNOT_UPDATE_CONVERTED_LEAD,00Q2000000o8CwBEAU
731,CANNOT_UPDATE_CONVERTED_LEAD,00Q2000000oxP1GEAU
732,CANNOT_UPDATE_CONVERTED_LEAD,00Q2000000oxP0fEAE
733,CANNOT_UPDATE_CONVERTED_LEAD,00Q2000000oxP0gEAE
734,CANNOT_UPDATE_CONVERTED_LEAD,00Q2000000owd4pEAA
735,CANNOT_UPDATE_CONVERTED_LEAD,00Q2000000ovpoNEAQ
736,CANNOT_UPDATE_CONVERTED_LEAD,00Q2000000owu4CEAQ
737,CANNOT_UPDATE_CONVERTED_LEAD,00Q2000000oy72XEAQ
738,CANNOT_UPDATE_CONVERTED_LEAD,00Q2000000oxBk3EAE
739,CANNOT_UPDATE_CONVERTED_LEAD,00Q2000000o9IaJEAU
740,CANNOT_UPDATE_CONVERTED_LEAD,00Q2000000qKcLkEAK
741,CANNOT_UPDATE_CONVERTED_LEAD,00Q2000000qKu09EAC
742,CANNOT_UPDATE_CONVERTED_LEAD,00Q2000000oxqvSEAQ
743,CANNOT_UPDATE_CONVERTED_LEAD,00Q2000000oxqw6EAA
744,CANNOT_UPDATE_CONVERTED_LEAD,00Q2000000oxqw2EAA
745,CANNOT_UPDATE_CONVERTED_LEAD,00Q2000000o9IBCEA2
746,CANNOT_UPDATE_CONVERTED_LEAD,00Q2000000oxP1CEAU
747,CANNOT_UPDATE_CONVERTED_LEAD,00Q2000000oxP0eEAE
748,CANNOT_UPDATE_CONVERTED_LEAD,00Q2000000oxP0REAU
749,CANNOT_UPDATE_CONVERTED_LEAD,00Q2000000o9M90EAE
750,CANNOT_UPDATE_CONVERTED_LEAD,00Q2000000o9muGEAQ
751,CANNOT_UPDATE_CONVERTED_LEAD,00Q2000000qKVJ3EAO
752,CANNOT_UPDATE_CONVERTED_LEAD,00Q2000000o9IbVEAU
753,CANNOT_UPDATE_CONVERTED_LEAD,00Q2000000ovn4AEAQ
754,CANNOT_UPDATE_CONVERTED_LEAD,00Q2000000o9IAYEA2
755,CANNOT_UPDATE_CONVERTED_LEAD,00Q2000000o9IAWEA2
756,CANNOT_UPDATE_CONVERTED_LEAD,00Q2000000oxOqxEAE
757,CANNOT_UPDATE_CONVERTED_LEAD,00Q2000000o9IB3EAM
758,CANNOT_UPDATE_CONVERTED_LEAD,00Q2000000o9IB2EAM
759,CANNOT_UPDATE_CONVERTED_LEAD,00Q2000000oxP0SEAU
760,CANNOT_UPDATE_CONVERTED_LEAD,00Q2000000oxP0NEAU
761,CANNOT_UPDATE_CONVERTED_LEAD,00Q2000000oxP0KEAU
762,CANNOT_UPDATE_CONVERTED_LEAD,00Q2000000oxP0LEAU
763,CANNOT_UPDATE_CONVERTED_LEAD,00Q2000000oxP0IEAU
764,CANNOT_UPDATE_CONVERTED_LEAD,00Q2000000o7tXIEAY
765,CANNOT_UPDATE_CONVERTED_LEAD,00Q2000000qL6nYEAS
766,CANNOT_UPDATE_CONVERTED_LEAD,00Q2000000o88H0EAI
767,CANNOT_UPDATE_CONVERTED_LEAD,00Q2000000o8khiEAA
768,CANNOT_UPDATE_CONVERTED_LEAD,00Q2000000o7yhcEAA
769,CANNOT_UPDATE_CONVERTED_LEAD,00Q2000000o9IAHEA2
770,CANNOT_UPDATE_CONVERTED_LEAD,00Q2000000o8UVvEAM
771,CANNOT_UPDATE_CONVERTED_LEAD,00Q2000000oxP03EAE
772,CANNOT_UPDATE_CONVERTED_LEAD,00Q2000000o7u8PEAQ
773,CANNOT_UPDATE_CONVERTED_LEAD,00Q2000000ouVbwEAE
774,CANNOT_UPDATE_CONVERTED_LEAD,00Q2000000o9M8iEAE
775,CANNOT_UPDATE_CONVERTED_LEAD,00Q2000000o8VytEAE
776,CANNOT_UPDATE_CONVERTED_LEAD,00Q2000000oyD4AEAU
777,CANNOT_UPDATE_CONVERTED_LEAD,00Q2000000oyCRSEA2
778,CANNOT_UPDATE_CONVERTED_LEAD,00Q2000000oy20fEAA
779,CANNOT_UPDATE_CONVERTED_LEAD,00Q2000000o9I9wEAE
780,CANNOT_UPDATE_CONVERTED_LEAD,00Q2000000oy20CEAQ
781,CANNOT_UPDATE_CONVERTED_LEAD,00Q2000000o9I9nEAE
782,CANNOT_UPDATE_CONVERTED_LEAD,00Q2000000o9I9fEAE
783,CANNOT_UPDATE_CONVERTED_LEAD,00Q2000000qKs6TEAS
784,CANNOT_UPDATE_CONVERTED_LEAD,00Q2000000qKyfoEAC
785,CANNOT_UPDATE_CONVERTED_LEAD,00Q2000000qKiH7EAK
786,CANNOT_UPDATE_CONVERTED_LEAD,00Q2000000o9IEhEAM
787,CANNOT_UPDATE_CONVERTED_LEAD,00Q2000000o9IHIEA2
788,CANNOT_UPDATE_CONVERTED_LEAD,00Q2000000o9IGhEAM
789,CANNOT_UPDATE_CONVERTED_LEAD,00Q2000000ouXRZEA2
790,CANNOT_UPDATE_CONVERTED_LEAD,00Q2000000ouXSAEA2
791,CANNOT_UPDATE_CONVERTED_LEAD,00Q2000000qKQpeEAG
792,CANNOT_UPDATE_CONVERTED_LEAD,00Q2000000qL44YEAS
793,CANNOT_UPDATE_CONVERTED_LEAD,00Q2000000qL460EAC
794,CANNOT_UPDATE_CONVERTED_LEAD,00Q2000000o9I9eEAE
795,CANNOT_UPDATE_CONVERTED_LEAD,00Q2000000oxb0bEAA
796,CANNOT_UPDATE_CONVERTED_LEAD,00Q2000000o9I9cEAE
797,CANNOT_UPDATE_CONVERTED_LEAD,00Q2000000o9I8WEAU
798,CANNOT_UPDATE_CONVERTED_LEAD,00Q2000000o9HVsEAM
799,CANNOT_UPDATE_CONVERTED_LEAD,00Q2000000o9I92EAE
800,CANNOT_UPDATE_CONVERTED_LEAD,00Q2000000oxy45EAA
801,CANNOT_UPDATE_CONVERTED_LEAD,00Q2000000qKXHSEA4
802,CANNOT_UPDATE_CONVERTED_LEAD,00Q2000000oxUmEEAU
803,CANNOT_UPDATE_CONVERTED_LEAD,00Q2000000owBHrEAM
804,CANNOT_UPDATE_CONVERTED_LEAD,00Q2000000o9Mu8EAE
805,CANNOT_UPDATE_CONVERTED_LEAD,00Q2000000o9MrsEAE
806,CANNOT_UPDATE_CONVERTED_LEAD,00Q2000000o9MsbEAE
807,CANNOT_UPDATE_CONVERTED_LEAD,00Q2000000o9IHAEA2
808,CANNOT_UPDATE_CONVERTED_LEAD,00Q2000000ouXS2EAM
809,CANNOT_UPDATE_CONVERTED_LEAD,00Q2000000ouXRQEA2
810,CANNOT_UPDATE_CONVERTED_LEAD,00Q2000000ouXS9EAM
811,CANNOT_UPDATE_CONVERTED_LEAD,00Q2000000ouXS8EAM
812,CANNOT_UPDATE_CONVERTED_LEAD,00Q2000000ouXS7EAM
813,CANNOT_UPDATE_CONVERTED_LEAD,00Q2000000ouXS6EAM
814,CANNOT_UPDATE_CONVERTED_LEAD,00Q2000000o9IVkEAM
815,CANNOT_UPDATE_CONVERTED_LEAD,00Q2000000oxrNnEAI
816,CANNOT_UPDATE_CONVERTED_LEAD,00Q2000000o9I8xEAE
817,CANNOT_UPDATE_CONVERTED_LEAD,00Q2000000o9I9WEAU
818,CANNOT_UPDATE_CONVERTED_LEAD,00Q2000000o9I9PEAU
819,CANNOT_UPDATE_CONVERTED_LEAD,00Q2000000qKhsKEAS
820,CANNOT_UPDATE_CONVERTED_LEAD,00Q2000000qKhsLEAS
821,CANNOT_UPDATE_CONVERTED_LEAD,00Q2000000qKhsMEAS
822,CANNOT_UPDATE_CONVERTED_LEAD,00Q2000000qKhsREAS
823,CANNOT_UPDATE_CONVERTED_LEAD,00Q2000000qKhsSEAS
824,CANNOT_UPDATE_CONVERTED_LEAD,00Q2000000qKhsTEAS
825,CANNOT_UPDATE_CONVERTED_LEAD,00Q2000000o9IH3EAM
826,CANNOT_UPDATE_CONVERTED_LEAD,00Q2000000o9IH1EAM
827,CANNOT_UPDATE_CONVERTED_LEAD,00Q2000000o9IWuEAM
828,CANNOT_UPDATE_CONVERTED_LEAD,00Q2000000o9I9GEAU
829,CANNOT_UPDATE_CONVERTED_LEAD,00Q2000000o9I8cEAE
830,CANNOT_UPDATE_CONVERTED_LEAD,00Q2000000qKhsUEAS
831,CANNOT_UPDATE_CONVERTED_LEAD,00Q2000000qKhsNEAS
832,CANNOT_UPDATE_CONVERTED_LEAD,00Q2000000qKht0EAC
833,CANNOT_UPDATE_CONVERTED_LEAD,00Q2000000qKhsQEAS
834,CANNOT_UPDATE_CONVERTED_LEAD,00Q2000000qKhsVEAS
835,CANNOT_UPDATE_CONVERTED_LEAD,00Q2000000qKhtDEAS
836,CANNOT_UPDATE_CONVERTED_LEAD,00Q2000000qKcgwEAC
837,CANNOT_UPDATE_CONVERTED_LEAD,00Q2000000o9IGJEA2
838,CANNOT_UPDATE_CONVERTED_LEAD,00Q2000000o9IGIEA2
839,CANNOT_UPDATE_CONVERTED_LEAD,00Q2000000o9IEFEA2
840,CANNOT_UPDATE_CONVERTED_LEAD,00Q2000000o9IDdEAM
841,CANNOT_UPDATE_CONVERTED_LEAD,00Q2000000o9IDcEAM
842,CANNOT_UPDATE_CONVERTED_LEAD,00Q2000000o9IDbEAM
843,CANNOT_UPDATE_CONVERTED_LEAD,00Q2000000o9IDaEAM
844,CANNOT_UPDATE_CONVERTED_LEAD,00Q2000000o9IXFEA2
845,CANNOT_UPDATE_CONVERTED_LEAD,00Q2000000o9IXEEA2
846,CANNOT_UPDATE_CONVERTED_LEAD,00Q2000000o9ISzEAM
847,CANNOT_UPDATE_CONVERTED_LEAD,00Q2000000o8xXfEAI
848,CANNOT_UPDATE_CONVERTED_LEAD,00Q2000000oxPIkEAM
849,CANNOT_UPDATE_CONVERTED_LEAD,00Q2000000o8VT2EAM
850,CANNOT_UPDATE_CONVERTED_LEAD,00Q2000000qKhtEEAS
851,CANNOT_UPDATE_CONVERTED_LEAD,00Q2000000qKhtFEAS
852,CANNOT_UPDATE_CONVERTED_LEAD,00Q2000000qKhtLEAS
853,CANNOT_UPDATE_CONVERTED_LEAD,00Q2000000qKhshEAC
854,CANNOT_UPDATE_CONVERTED_LEAD,00Q2000000qKhsrEAC
855,CANNOT_UPDATE_CONVERTED_LEAD,00Q2000000qKhssEAC
856,CANNOT_UPDATE_CONVERTED_LEAD,00Q2000000o9IDVEA2
857,CANNOT_UPDATE_CONVERTED_LEAD,00Q2000000o9IE4EAM
858,CANNOT_UPDATE_CONVERTED_LEAD,00Q2000000o9IDREA2
859,CANNOT_UPDATE_CONVERTED_LEAD,00Q2000000o9IDPEA2
860,CANNOT_UPDATE_CONVERTED_LEAD,00Q2000000o9IDIEA2
861,CANNOT_UPDATE_CONVERTED_LEAD,00Q2000000o9IDGEA2
862,CANNOT_UPDATE_CONVERTED_LEAD,00Q2000000o8VOvEAM
863,CANNOT_UPDATE_CONVERTED_LEAD,00Q2000000qLCZEEA4
864,CANNOT_UPDATE_CONVERTED_LEAD,00Q2000000prYRCEA2
865,CANNOT_UPDATE_CONVERTED_LEAD,00Q2000000pqy3YEAQ
866,CANNOT_UPDATE_CONVERTED_LEAD,00Q2000000qKrw4EAC
867,CANNOT_UPDATE_CONVERTED_LEAD,00Q2000000ouEZWEA2
868,CANNOT_UPDATE_CONVERTED_LEAD,00Q2000000qKPUnEAO
869,CANNOT_UPDATE_CONVERTED_LEAD,00Q2000000qKhstEAC
870,CANNOT_UPDATE_CONVERTED_LEAD,00Q2000000qKhsuEAC
871,CANNOT_UPDATE_CONVERTED_LEAD,00Q2000000qKhszEAC
872,CANNOT_UPDATE_CONVERTED_LEAD,00Q2000000qKhsvEAC
873,CANNOT_UPDATE_CONVERTED_LEAD,00Q2000000qKhswEAC
874,CANNOT_UPDATE_CONVERTED_LEAD,00Q2000000qKhsxEAC
875,CANNOT_UPDATE_CONVERTED_LEAD,00Q2000000qKhsyEAC
876,CANNOT_UPDATE_CONVERTED_LEAD,00Q2000000qKhtcEAC
877,CANNOT_UPDATE_CONVERTED_LEAD,00Q2000000o9IEdEAM
878,CANNOT_UPDATE_CONVERTED_LEAD,00Q2000000o9IDyEAM
879,CANNOT_UPDATE_CONVERTED_LEAD,00Q2000000o9IF7EAM
880,CANNOT_UPDATE_CONVERTED_LEAD,00Q2000000o9IEUEA2
881,CANNOT_UPDATE_CONVERTED_LEAD,00Q2000000o96kNEAQ
882,CANNOT_UPDATE_CONVERTED_LEAD,00Q2000000o8vp4EAA
883,CANNOT_UPDATE_CONVERTED_LEAD,00Q2000000o82jQEAQ
884,CANNOT_UPDATE_CONVERTED_LEAD,00Q2000000o82jPEAQ
885,CANNOT_UPDATE_CONVERTED_LEAD,00Q2000000o82jNEAQ
886,CANNOT_UPDATE_CONVERTED_LEAD,00Q2000000o82jMEAQ
887,CANNOT_UPDATE_CONVERTED_LEAD,00Q2000000o82jKEAQ
888,CANNOT_UPDATE_CONVERTED_LEAD,00Q2000000o9WkcEAE
889,CANNOT_UPDATE_CONVERTED_LEAD,00Q2000000o9WkmEAE
890,CANNOT_UPDATE_CONVERTED_LEAD,00Q2000000o7tHjEAI
891,CANNOT_UPDATE_CONVERTED_LEAD,00Q2000000o8CghEAE
892,CANNOT_UPDATE_CONVERTED_LEAD,00Q2000000owKZGEA2
893,CANNOT_UPDATE_CONVERTED_LEAD,00Q2000000qKhtaEAC
894,CANNOT_UPDATE_CONVERTED_LEAD,00Q2000000oxyEtEAI
895,CANNOT_UPDATE_CONVERTED_LEAD,00Q2000000qKi85EAC
896,CANNOT_UPDATE_CONVERTED_LEAD,00Q2000000ovPZQEA2
897,CANNOT_UPDATE_CONVERTED_LEAD,00Q2000000qKgviEAC
898,CANNOT_UPDATE_CONVERTED_LEAD,00Q2000000qKi9hEAC
899,CANNOT_UPDATE_CONVERTED_LEAD,00Q2000000o9IDrEAM
900,CANNOT_UPDATE_CONVERTED_LEAD,00Q2000000o9IENEA2
901,CANNOT_UPDATE_CONVERTED_LEAD,00Q2000000qLDG9EAO
902,CANNOT_UPDATE_CONVERTED_LEAD,00Q2000000qLDFaEAO
903,CANNOT_UPDATE_CONVERTED_LEAD,00Q2000000qLDGTEA4
904,CANNOT_UPDATE_CONVERTED_LEAD,00Q2000000o8TdPEAU
905,CANNOT_UPDATE_CONVERTED_LEAD,00Q2000000prY5aEAE
906,CANNOT_UPDATE_CONVERTED_LEAD,00Q2000000o7tBqEAI
907,CANNOT_UPDATE_CONVERTED_LEAD,00Q2000000ovk71EAA
908,CANNOT_UPDATE_CONVERTED_LEAD,00Q2000000qKPa2EAG
909,CANNOT_UPDATE_CONVERTED_LEAD,00Q2000000o7tBREAY
910,CANNOT_UPDATE_CONVERTED_LEAD,00Q2000000oxDyiEAE
911,CANNOT_UPDATE_CONVERTED_LEAD,00Q2000000ow0rYEAQ
912,CANNOT_UPDATE_CONVERTED_LEAD,00Q2000000ow1SLEAY
913,CANNOT_UPDATE_CONVERTED_LEAD,00Q2000000ouoSBEAY
914,CANNOT_UPDATE_CONVERTED_LEAD,00Q2000000oy87JEAQ
915,CANNOT_UPDATE_CONVERTED_LEAD,00Q2000000oxF3uEAE
916,CANNOT_UPDATE_CONVERTED_LEAD,00Q2000000o9IDfEAM
917,CANNOT_UPDATE_CONVERTED_LEAD,00Q2000000qKtL8EAK
918,CANNOT_UPDATE_CONVERTED_LEAD,00Q2000000o9IbzEAE
